login_hour,failed_logins,known_device,download_mb,sensitive_file_access,antivirus_active
9,0,1,104.79,0,1
9,0,1,179.35,0,1
11,0,1,112.27,0,1
10,0,1,207.05,0,1
4,0,1,238.77,1,1
5,1,1,151.9,0,1
18,0,1,145.84,0,1
12,0,1,202.61,1,1
17,0,1,178.16,0,1
9,0,1,402.66,0,1
2,0,1,219.41,0,1
18,0,1,349.8,0,1
20,1,1,261.47,0,1
10,0,1,82.18,0,1
15,0,1,129.68,0,1
1,0,1,176.12,0,1
11,1,1,305.23,0,1
16,0,1,576.33,1,1
11,0,0,135.57,0,1
6,0,1,187.38,1,1
7,0,1,292.93,0,1
13,0,1,175.09,0,1
15,0,1,486.12,0,1
10,0,1,80.75,0,1
6,0,1,272.27,0,1
9,0,1,270.68,0,1
11,0,1,361.85,0,1
15,0,1,188.15,0,1
16,0,1,309.49,1,1
9,0,0,156.1,0,1
9,0,1,112.07,0,1
10,0,1,102.69,0,1
9,0,1,76.34,1,1
9,1,0,139.1,1,1
0,0,1,218.52,1,1
11,0,1,159.99,0,1
11,0,1,204.13,0,1
8,0,1,380.29,0,1
13,0,1,132.89,0,1
11,0,1,738.17,1,1
10,0,1,285.19,0,1
15,0,0,161.07,1,1
14,0,1,158.89,0,1
9,0,1,99.0,0,1
11,0,1,178.5,0,1
11,0,1,49.55,0,1
9,1,1,385.08,0,1
10,1,1,33.45,0,1
10,0,1,185.87,0,1
21,0,1,91.25,0,1
15,0,1,119.02,0,1
10,0,1,128.6,0,1
19,0,1,575.58,0,1
11,0,1,93.51,0,1
9,0,1,313.74,0,1
19,0,1,363.67,1,1
6,0,1,44.56,0,1
18,0,1,125.31,0,1
11,0,1,441.72,0,1
13,0,1,82.36,0,1
10,2,1,372.03,0,1
20,0,1,179.34,0,0
9,0,1,174.75,0,1
11,1,1,188.99,0,1
13,2,1,222.64,0,1
11,0,0,102.17,0,1
13,0,1,155.05,0,1
10,0,1,226.41,0,1
9,0,1,201.57,0,1
13,0,1,223.53,0,1
10,0,1,117.78,0,1
10,0,1,264.91,1,1
8,0,1,195.56,0,1
16,0,1,70.22,0,1
11,0,0,131.79,0,1
19,0,1,105.92,0,1
21,0,1,105.11,0,1
10,0,1,136.2,0,1
9,0,1,261.93,1,1
16,0,1,124.45,0,1
10,1,1,207.48,1,1
19,0,1,188.05,0,1
11,0,1,113.59,1,1
7,0,1,147.39,0,1
10,0,1,304.57,1,1
18,0,1,198.32,0,1
10,0,1,251.97,0,1
8,0,0,388.97,0,1
21,0,0,235.32,1,1
20,0,1,57.26,1,1
19,0,1,213.23,0,1
6,0,1,125.1,0,1
9,1,1,537.1,0,1
9,0,0,230.34,0,1
15,0,1,126.66,0,1
11,0,1,254.65,0,1
10,0,1,191.42,1,1
8,0,1,64.67,0,1
11,0,1,304.25,0,1
12,0,1,142.12,0,1
9,0,1,425.12,0,1
18,0,1,168.23,0,1
18,0,1,429.91,0,1
10,0,1,233.91,0,1
9,0,1,325.21,0,1
17,0,1,134.95,1,1
11,0,1,224.04,0,1
17,0,0,64.34,0,1
8,0,1,167.97,0,1
7,0,0,74.39,0,1
14,0,1,91.31,0,1
10,1,1,106.22,0,1
11,0,1,269.41,0,1
10,0,1,165.93,1,1
18,0,0,184.72,0,1
11,0,1,163.24,0,1
11,0,1,346.69,1,1
10,0,0,181.71,0,1
11,0,1,210.46,0,1
10,0,1,128.75,0,1
16,0,1,361.28,1,1
14,0,1,377.9,0,1
10,1,1,177.3,1,1
11,0,1,127.67,0,1
9,0,1,68.75,0,1
6,0,1,107.65,0,1
11,0,1,49.39,0,1
9,0,1,104.96,0,1
12,0,1,224.57,0,1
9,0,1,175.87,0,1
6,0,1,730.67,0,1
10,0,1,145.09,0,1
0,0,1,138.45,0,1
5,0,1,342.98,1,1
13,1,1,57.04,0,1
9,0,1,74.51,0,1
20,0,1,269.97,0,1
10,0,1,161.22,0,1
16,1,1,163.45,0,1
10,0,1,103.31,0,1
21,0,1,209.32,0,1
8,0,1,111.63,1,1
11,0,1,189.36,0,1
10,0,1,90.46,0,1
9,0,1,162.48,0,1
15,2,1,610.89,0,1
12,0,1,140.48,0,1
14,0,1,167.49,0,1
10,0,1,160.53,0,1
11,0,1,201.28,0,1
19,1,1,240.06,0,1
10,0,1,211.52,0,1
11,0,1,214.35,0,1
10,0,1,162.63,0,1
4,0,1,192.51,0,1
16,0,1,159.43,0,1
9,0,1,61.1,0,1
15,0,1,800.0,0,0
15,1,1,280.59,0,1
9,0,1,100.73,0,1
11,1,0,208.1,0,1
9,0,1,80.83,0,1
17,0,1,134.76,0,1
12,0,1,74.5,0,1
14,0,1,175.79,0,1
11,0,1,70.19,0,1
6,0,1,228.85,0,1
11,0,1,272.96,0,1
10,0,1,110.37,0,1
16,0,1,199.64,0,1
10,0,1,106.91,0,1
15,0,1,246.42,0,1
9,0,1,119.92,0,1
9,0,1,291.02,0,1
23,0,1,61.13,1,1
18,1,1,99.19,0,0
9,0,1,93.2,0,1
9,0,0,204.8,0,1
11,0,1,252.92,1,1
14,0,1,214.52,1,1
13,0,1,133.57,0,1
11,0,1,33.88,1,1
15,1,1,185.53,0,1
2,0,1,290.86,0,1
18,0,0,800.0,0,1
16,0,1,140.52,0,1
10,0,1,121.61,0,1
11,0,1,219.68,0,1
9,0,1,155.45,0,0
15,0,1,389.64,0,1
9,1,1,111.62,1,0
10,0,1,156.13,0,1
16,0,1,306.66,0,1
10,0,1,218.11,0,1
9,0,1,363.84,0,1
10,0,1,139.5,0,1
21,0,1,386.82,0,1
11,0,1,66.8,1,1
14,0,1,68.42,1,1
13,0,0,390.5,0,1
9,1,1,182.07,0,1
11,0,1,314.97,0,1
10,1,1,192.42,0,1
9,2,1,180.51,0,0
10,0,0,81.71,0,1
17,0,1,178.38,1,1
9,0,1,410.33,0,1
10,0,1,187.54,0,1
11,0,0,272.94,0,1
9,0,1,268.44,0,1
9,1,1,98.73,1,0
9,0,1,303.17,0,1
16,0,1,150.17,0,1
11,0,1,155.12,0,1
13,1,1,638.18,0,1
7,0,1,259.4,0,1
11,2,1,123.58,0,1
9,0,1,188.43,0,1
10,0,1,185.3,0,1
16,0,1,498.53,0,1
10,0,1,185.62,0,1
9,0,0,681.84,0,1
12,0,1,83.26,0,1
12,0,1,177.79,0,1
10,0,1,114.7,1,1
9,0,1,134.71,0,1
10,1,1,136.47,0,1
11,0,1,118.3,0,1
9,0,1,511.89,0,1
9,0,0,425.62,0,1
11,0,1,230.81,1,1
9,0,1,136.37,1,1
9,0,1,120.31,0,1
9,0,1,282.9,0,1
10,0,1,217.04,1,1
10,0,1,166.19,0,1
10,0,1,250.82,1,1
3,0,1,309.4,0,1
9,0,0,165.27,0,1
8,0,1,113.02,0,1
9,0,1,82.05,0,1
18,0,1,210.69,0,1
20,1,1,665.37,0,1
11,0,1,93.09,0,1
9,0,1,350.61,1,1
17,0,0,120.86,0,1
9,0,0,136.4,0,1
10,0,1,313.86,0,0
9,0,1,155.53,0,1
15,0,1,210.39,0,1
17,0,1,207.98,0,1
10,0,1,120.98,0,1
12,0,1,310.15,0,1
11,0,1,174.7,0,1
17,0,1,78.8,0,1
11,0,1,106.11,0,1
10,0,1,27.94,1,1
12,0,1,187.02,1,1
9,0,1,396.41,1,1
19,0,1,96.71,1,1
10,0,1,257.58,0,1
15,0,1,234.71,0,1
11,0,1,115.45,0,1
6,0,1,455.74,0,1
11,0,1,153.92,1,1
14,0,1,605.56,1,1
11,0,1,67.94,0,1
11,0,1,154.24,0,1
19,0,1,165.65,0,1
8,0,1,176.91,0,1
10,0,1,278.61,0,1
10,0,0,800.0,0,1
6,0,1,238.18,1,1
9,1,1,183.93,0,1
10,0,1,93.9,1,1
15,1,1,58.32,0,1
9,0,0,365.83,1,1
11,0,1,130.57,0,1
8,0,1,800.0,1,1
11,0,1,305.19,0,1
13,0,1,222.5,1,1
9,0,1,229.63,0,1
10,0,1,230.99,0,1
8,1,1,119.49,0,1
11,0,1,63.38,1,1
9,0,1,130.27,0,1
11,0,1,179.29,1,1
10,0,1,122.89,0,1
11,0,1,83.79,0,1
11,0,1,115.71,1,1
11,0,1,337.46,0,1
7,0,1,283.98,1,1
3,0,1,200.91,0,1
13,2,1,257.82,0,1
19,0,1,91.91,0,1
18,1,1,112.48,0,1
9,0,0,218.46,0,1
7,0,1,99.22,0,1
10,0,1,193.45,0,1
10,0,1,84.99,0,1
12,0,1,67.37,0,1
7,0,1,281.93,0,1
22,0,1,335.7,0,1
9,0,1,124.15,1,1
2,0,1,72.8,0,1
13,0,1,48.18,0,1
19,0,1,547.41,0,1
9,0,1,193.8,0,1
9,0,1,125.86,0,1
11,0,1,145.72,0,1
10,1,1,57.51,1,1
7,0,1,262.94,0,1
9,0,1,601.88,0,1
11,0,1,113.33,0,1
8,0,1,757.54,0,1
14,0,1,169.04,0,1
11,0,1,492.77,0,1
9,0,1,217.96,0,1
10,0,1,217.82,0,1
9,0,1,548.04,0,1
21,0,1,289.93,0,1
17,0,1,226.99,0,1
19,1,1,56.55,0,1
18,0,1,73.38,0,1
10,0,1,238.68,0,1
10,0,1,437.32,0,1
16,0,1,195.8,0,1
19,2,1,127.13,0,1
20,0,1,60.13,0,1
9,1,1,113.28,0,1
10,0,1,196.09,0,1
11,0,1,108.43,0,1
18,0,1,101.63,0,1
11,0,1,175.8,0,1
9,2,1,432.27,0,1
9,0,1,273.37,0,1
10,0,1,215.19,0,1
9,0,1,202.98,0,1
9,0,1,252.32,0,1
9,0,1,169.68,0,1
19,0,1,141.65,0,1
10,0,1,282.28,1,1
11,0,1,158.34,0,1
11,1,1,88.84,0,1
10,0,0,430.94,0,1
11,0,1,59.03,0,1
18,0,1,450.79,0,1
11,0,1,245.64,1,1
15,0,1,101.34,1,1
17,0,1,183.93,0,1
10,0,1,140.15,0,1
11,2,1,294.31,0,1
11,0,1,290.84,0,1
9,0,1,239.08,0,1
15,0,1,283.68,0,1
19,0,1,169.2,0,1
9,0,1,521.65,0,1
14,1,1,377.72,0,1
11,1,1,136.16,1,0
9,1,1,294.86,0,1
10,2,1,279.82,1,1
9,0,1,155.11,0,1
1,0,1,147.98,0,1
16,0,1,375.67,0,1
9,0,1,179.68,0,1
7,0,1,211.9,0,1
21,0,1,420.17,1,1
12,0,1,800.0,1,1
14,0,1,132.16,0,1
3,0,1,158.77,0,1
9,0,1,189.5,0,1
16,0,1,192.1,0,1
14,0,1,227.2,0,1
9,0,1,135.08,0,1
23,0,1,84.8,0,1
9,0,1,519.2,0,1
9,0,0,261.71,0,1
14,0,1,141.02,0,1
10,0,1,235.63,0,1
21,0,1,544.45,1,1
11,0,1,112.98,0,1
10,0,1,205.75,1,1
17,0,1,78.73,1,1
10,0,1,168.85,1,1
8,0,1,262.42,0,1
9,0,1,92.87,0,1
16,0,1,162.01,1,1
9,0,1,292.94,0,1
19,0,1,258.14,0,1
10,0,1,90.51,1,1
11,0,1,226.84,0,0
10,0,1,253.47,1,1
9,0,1,193.41,0,1
10,0,1,348.49,1,1
17,0,0,127.27,0,1
12,0,1,232.17,0,1
9,0,1,90.1,0,1
9,0,1,69.38,1,1
11,1,0,289.64,1,1
8,0,1,183.52,1,1
20,0,0,137.27,0,1
19,0,1,95.67,0,1
6,0,1,297.75,0,1
11,0,1,73.35,1,1
11,0,1,328.89,0,1
11,0,1,237.6,0,1
8,1,1,75.59,0,1
10,0,1,195.5,1,1
11,0,1,800.0,1,1
19,1,1,370.05,0,1
9,0,1,110.3,0,1
9,1,1,278.67,0,1
10,0,1,77.51,0,1
7,0,1,79.62,0,1
2,0,1,174.1,1,1
11,0,1,252.39,0,1
7,1,1,294.95,0,1
11,0,1,297.41,0,1
11,0,1,243.92,0,0
11,0,1,68.83,1,1
18,0,1,174.76,0,1
11,0,1,324.15,0,1
12,0,1,236.51,0,0
8,0,1,202.2,0,1
11,0,1,220.86,0,1
7,0,1,218.66,0,1
9,0,1,55.76,0,1
11,0,1,362.47,0,1
9,0,1,169.64,0,1
21,0,1,277.15,0,1
11,0,1,45.45,0,1
10,0,1,491.07,0,1
11,0,0,90.57,0,1
15,0,1,800.0,0,1
8,0,1,646.48,0,1
11,0,1,81.86,0,1
11,0,1,295.96,0,1
10,0,1,98.46,0,1
11,0,1,123.51,0,1
11,1,0,125.2,0,1
21,0,1,237.17,0,1
9,0,1,220.25,1,1
13,1,1,88.15,0,1
6,0,1,236.03,1,1
11,0,1,160.38,0,1
7,0,1,60.8,0,1
9,0,1,139.71,0,0
1,1,1,490.91,0,1
10,2,1,142.57,0,1
17,0,1,60.26,0,1
12,0,1,295.5,0,1
19,1,1,103.91,0,0
14,0,1,206.16,0,1
9,0,1,163.5,1,1
10,1,1,521.65,1,0
17,0,1,163.57,0,1
9,0,1,91.22,1,1
10,0,1,136.82,1,1
9,1,1,86.72,0,1
20,0,1,159.88,0,1
11,0,1,524.2,0,1
17,0,1,383.4,0,1
9,0,1,616.9,0,1
12,0,1,241.66,0,1
11,0,1,197.52,0,1
11,0,1,99.59,0,1
15,0,1,213.11,1,1
8,2,1,167.63,0,1
9,0,1,289.22,0,1
21,1,1,92.45,1,1
11,0,1,187.09,0,1
11,0,1,70.52,0,1
11,0,1,221.98,1,1
11,0,1,271.9,1,0
9,1,1,68.52,0,1
11,0,1,81.14,0,1
10,0,1,83.3,1,1
9,0,1,162.95,0,1
9,0,1,78.38,0,1
18,0,1,414.51,0,1
6,0,1,235.5,0,1
9,0,1,259.67,0,1
9,0,1,69.87,0,1
11,0,1,393.83,1,1
9,0,0,267.67,0,1
10,0,1,120.37,0,1
9,0,1,71.88,0,1
10,0,0,173.18,1,1
11,0,1,137.02,0,1
11,0,1,140.48,0,1
18,0,1,118.72,1,1
11,1,1,279.46,0,0
14,0,1,38.08,0,1
13,0,1,427.5,1,1
6,1,1,329.93,1,1
15,0,1,205.7,0,1
10,0,1,166.26,1,1
19,1,1,347.18,0,1
11,0,1,176.73,0,1
19,0,1,153.38,1,1
10,0,1,358.97,1,1
9,0,1,636.53,0,1
12,0,1,101.23,0,1
9,0,1,233.9,0,1
21,0,1,94.46,0,1
13,0,1,244.93,0,1
0,1,1,113.65,0,1
11,0,0,375.0,0,1
9,1,1,170.7,0,1
16,1,1,186.4,0,1
9,0,1,482.35,1,1
11,0,1,116.77,0,1
20,0,1,273.39,0,1
9,1,1,123.96,1,1
11,0,1,371.59,0,1
0,0,1,529.56,0,1
9,0,1,154.82,0,1
21,0,1,48.6,0,1
6,0,1,119.96,0,1
17,0,1,780.22,0,1
20,0,1,127.07,0,1
10,0,1,524.59,0,1
9,1,0,125.99,0,1
13,0,1,124.14,0,1
11,1,1,289.31,1,1
9,0,1,269.24,0,1
7,0,1,302.27,0,1
9,0,1,181.81,0,1
11,0,1,337.18,0,1
11,1,1,322.76,1,1
10,0,1,361.19,0,1
10,1,1,124.69,1,1
8,0,1,337.03,0,1
10,0,1,132.58,1,1
7,0,1,164.97,0,1
8,0,1,162.95,0,1
11,0,1,99.6,0,1
10,1,1,63.99,0,1
11,0,1,377.75,0,1
9,0,1,118.94,0,1
14,0,1,154.19,0,1
19,0,1,116.93,1,1
11,0,1,155.4,0,1
11,0,1,133.81,0,1
17,0,1,390.51,1,1
6,0,1,127.19,1,1
9,0,1,507.11,0,1
21,0,1,359.09,0,1
10,0,1,136.36,0,1
22,0,1,219.62,0,1
10,0,1,247.55,0,1
2,0,1,300.35,1,1
10,0,1,318.71,0,1
18,0,1,202.75,0,1
11,0,1,102.24,1,1
22,0,1,266.28,0,1
20,0,1,157.29,0,1
11,0,1,34.0,0,1
9,0,1,229.1,0,1
8,0,1,116.69,0,1
6,1,1,137.68,0,1
14,0,1,181.93,1,1
14,0,1,71.37,0,1
10,0,1,197.04,0,1
10,1,1,149.9,0,1
10,0,1,107.09,0,1
9,1,0,186.37,0,0
9,0,1,65.75,0,1
16,0,1,189.69,0,1
12,0,0,240.41,0,1
17,0,1,217.71,0,1
20,1,1,291.0,0,1
4,0,1,364.75,0,1
15,0,1,172.64,0,1
15,0,1,349.77,0,1
10,0,1,172.25,0,1
5,0,1,119.14,1,1
1,0,1,143.22,0,1
11,2,1,212.76,0,1
9,0,1,347.62,0,1
18,0,1,181.43,0,1
15,0,1,121.0,0,1
9,0,1,431.19,0,1
19,0,0,76.64,0,1
11,1,1,121.47,0,1
9,0,1,309.72,0,1
9,0,1,523.15,1,1
9,0,1,241.87,0,1
10,2,1,210.59,0,1
3,0,0,152.24,1,1
23,0,1,251.85,1,1
18,0,1,195.9,0,1
9,0,1,115.27,0,1
11,0,1,150.6,0,1
21,0,1,107.72,1,0
10,0,1,182.76,0,1
0,0,1,199.76,1,1
20,0,1,483.3,0,1
9,0,1,126.67,0,1
19,0,1,162.64,1,1
10,0,1,385.87,0,1
10,0,1,535.42,0,1
9,0,1,241.01,0,1
11,0,1,155.69,0,1
9,0,0,136.48,0,1
17,0,1,59.99,0,1
9,2,0,103.89,0,1
10,0,1,192.66,0,1
10,1,0,162.62,0,1
9,0,1,263.5,1,1
10,0,0,161.24,0,1
9,0,1,117.26,0,1
14,0,1,222.47,0,1
20,0,1,800.0,0,1
21,0,1,149.84,1,1
11,1,1,197.03,0,1
9,0,1,301.31,0,1
12,0,0,128.64,0,1
17,0,1,389.03,1,1
21,0,1,70.29,1,1
11,0,1,141.93,1,1
9,0,1,150.4,0,1
11,1,1,198.48,1,1
11,0,1,55.54,0,1
4,0,1,408.15,0,1
10,0,1,232.42,0,1
13,0,1,355.56,0,1
10,0,1,477.15,0,1
9,0,1,116.24,1,1
21,0,1,40.58,0,1
10,0,1,360.62,0,1
16,0,1,152.65,0,1
6,2,1,91.84,0,1
10,0,1,256.15,0,1
9,0,1,794.83,1,1
9,0,1,169.81,0,1
13,0,1,320.75,0,1
9,0,1,100.23,0,1
10,0,1,65.89,1,1
10,0,1,313.68,0,1
10,0,1,251.55,0,1
9,0,1,137.08,0,1
12,0,1,504.58,0,1
10,1,1,62.88,1,1
10,1,1,86.66,0,1
17,0,1,130.88,0,1
21,0,1,146.37,1,0
10,0,1,436.69,0,1
14,2,1,186.7,0,1
9,0,1,161.46,0,1
11,2,1,84.61,0,1
5,0,1,347.92,0,1
11,0,1,91.65,0,1
9,0,1,84.37,1,1
22,2,1,142.57,0,1
7,1,1,199.92,0,1
9,0,1,117.67,0,1
11,0,1,277.05,0,1
6,0,1,152.97,0,1
10,0,1,340.92,0,1
10,0,1,245.44,0,1
9,0,1,531.07,0,1
11,0,1,139.03,0,1
19,0,1,300.78,0,1
12,0,1,62.05,0,1
11,0,1,800.0,0,1
11,0,1,291.89,0,1
11,0,1,151.75,0,1
10,0,1,155.17,0,1
9,0,1,156.3,1,1
18,0,1,546.77,0,1
11,0,1,310.79,1,1
16,0,1,138.94,0,0
10,0,0,86.2,0,1
23,0,1,371.54,0,1
12,1,1,299.8,0,1
8,1,0,276.95,0,1
10,0,1,172.39,0,1
12,0,1,151.45,1,1
15,0,1,498.27,0,1
10,1,1,526.87,0,1
7,0,1,266.15,0,1
9,0,1,324.38,1,1
16,0,1,208.86,1,1
13,0,1,79.68,0,1
20,0,0,100.7,0,0
15,0,1,360.58,0,0
12,0,1,389.25,0,1
9,0,1,341.2,0,1
11,0,1,223.1,0,1
13,0,1,348.9,0,1
10,1,0,175.06,0,1
9,0,1,263.18,0,1
18,0,1,160.32,0,1
10,0,1,96.15,1,1
10,0,1,304.52,0,1
11,1,1,389.58,0,1
19,0,1,799.81,0,1
12,1,1,212.39,0,1
9,0,1,96.67,0,1
16,1,1,148.85,0,1
11,0,1,167.08,0,1
8,0,1,198.16,1,1
20,0,1,240.45,0,1
10,1,1,225.38,0,1
7,1,1,288.95,0,1
18,0,0,204.07,0,1
8,1,1,47.69,0,1
18,0,1,207.74,0,1
17,0,1,190.96,0,1
13,0,1,252.18,0,1
12,0,1,145.93,1,1
9,0,1,207.29,0,1
11,0,1,253.09,1,1
21,0,1,164.68,0,1
9,0,0,271.92,0,1
19,0,1,189.06,0,1
10,0,1,199.14,0,1
9,0,1,31.39,0,1
4,0,1,91.26,0,1
10,0,1,91.41,0,1
10,0,1,206.4,0,1
11,0,1,388.77,0,1
9,0,1,168.84,1,1
11,0,1,301.56,0,1
12,0,1,267.46,0,1
9,0,1,197.14,0,1
9,0,1,255.8,1,1
9,0,1,210.1,0,0
9,1,1,166.44,0,1
10,1,1,229.21,0,1
6,0,1,431.81,0,1
10,0,1,240.72,0,1
11,0,1,206.6,0,1
10,0,1,107.08,0,1
9,1,1,423.91,0,1
20,0,1,77.93,0,1
18,0,1,65.13,0,1
10,0,1,226.53,0,1
10,2,1,106.86,1,1
11,0,1,348.44,1,1
20,0,1,66.01,0,1
8,0,1,322.82,0,1
19,0,1,296.66,0,1
11,0,1,194.57,0,1
9,0,1,51.43,0,1
10,1,1,64.46,0,1
9,1,1,209.34,1,1
21,1,1,157.64,1,1
10,0,1,280.45,0,1
10,0,1,174.0,0,1
8,0,1,165.16,1,1
11,0,1,42.28,1,1
11,0,1,296.92,1,1
14,0,0,122.79,0,1
14,0,1,142.75,0,1
11,0,1,95.41,0,1
10,0,1,71.93,0,1
10,0,1,438.47,0,1
21,0,1,292.16,0,1
9,0,1,295.07,1,1
10,0,0,159.19,1,1
19,0,1,63.9,0,1
17,0,1,639.85,1,1
9,0,1,233.55,0,1
5,0,1,196.78,0,1
11,0,1,146.13,0,1
11,0,1,53.16,0,1
11,0,1,359.58,0,1
10,0,1,96.1,0,0
9,0,1,251.63,0,1
12,0,1,287.87,0,1
10,0,1,221.52,1,1
10,0,1,240.32,0,1
9,1,1,406.54,0,1
11,0,1,112.68,0,1
12,0,1,200.08,0,1
9,0,1,158.37,0,1
16,0,1,60.12,0,1
16,0,1,215.25,0,1
18,0,1,384.04,0,1
20,0,1,413.97,0,1
10,0,1,552.52,0,1
3,0,1,62.54,0,1
9,0,1,481.63,1,1
10,0,1,202.53,0,1
19,0,1,473.59,0,1
17,0,1,143.04,1,1
13,1,1,131.83,0,1
16,0,1,87.43,0,1
11,0,1,288.76,1,1
3,0,1,246.83,0,1
19,0,1,92.74,0,1
14,1,1,49.48,1,1
10,0,0,232.56,1,1
11,1,1,249.01,0,1
11,0,1,100.27,0,1
11,0,1,88.88,1,0
21,0,1,268.68,0,1
11,1,1,552.16,0,1
9,0,1,134.69,0,1
10,0,1,106.93,0,1
11,0,1,216.87,1,1
10,0,1,265.38,1,1
13,1,1,145.68,1,1
6,0,1,610.97,1,1
17,0,1,311.38,0,1
10,0,1,144.21,0,1
10,0,1,69.72,0,1
1,1,1,400.08,0,1
12,0,1,370.61,0,1
13,0,1,151.16,0,1
12,1,1,223.71,1,1
11,0,0,165.62,0,1
10,0,1,247.73,0,1
9,0,1,98.01,0,1
17,0,1,89.97,0,1
21,0,1,294.87,0,1
10,1,1,318.16,1,1
8,0,1,135.03,0,1
9,0,1,115.65,0,1
9,1,1,360.88,0,1
9,0,1,118.02,0,1
10,0,1,187.4,1,0
11,0,1,173.67,0,1
10,1,1,75.18,1,1
11,0,1,203.42,0,1
11,0,1,191.84,0,1
15,0,1,225.0,0,1
9,0,1,199.33,0,1
11,0,1,652.89,1,1
18,0,1,363.95,0,1
18,0,1,185.54,1,1
9,0,1,196.01,0,1
9,1,1,522.26,0,1
11,0,1,304.25,0,1
10,0,1,86.71,0,1
9,0,0,320.34,0,1
15,0,1,382.1,0,1
9,0,0,478.49,0,1
10,0,1,142.47,0,1
10,0,1,136.36,0,1
9,0,1,103.02,0,1
9,0,1,218.08,0,1
11,0,1,281.38,0,1
9,0,1,133.22,0,1
9,0,1,166.49,0,1
9,0,1,52.87,0,1
10,0,1,448.39,0,1
8,0,1,70.88,0,1
11,0,1,226.98,0,1
13,0,1,209.13,0,1
9,0,1,186.32,0,1
21,0,1,188.91,0,1
12,0,1,98.78,0,1
17,1,1,148.88,0,1
19,0,1,324.2,0,1
10,1,1,387.26,0,1
11,0,1,140.82,0,1
20,0,0,71.08,0,1
10,1,1,113.61,0,1
21,0,1,550.94,0,1
13,0,1,117.74,0,1
11,0,1,171.0,0,1
11,0,1,423.92,0,1
6,0,0,132.14,0,1
17,0,1,164.13,0,1
18,0,1,291.98,0,0
11,0,1,506.28,0,1
19,2,1,123.06,0,1
11,0,1,417.91,1,1
10,0,1,153.1,0,1
6,0,1,106.53,0,1
9,0,1,210.55,1,1
10,0,1,90.51,0,0
10,0,1,240.62,0,1
7,0,1,800.0,0,1
12,0,1,351.9,0,1
9,0,1,170.21,1,0
9,2,1,340.81,0,1
10,0,1,103.66,0,1
11,0,1,114.64,0,1
9,0,1,173.07,1,1
20,0,1,191.08,0,1
15,1,1,83.43,0,1
9,0,1,150.82,0,1
10,0,1,166.21,0,1
22,0,1,457.23,0,1
9,0,1,83.43,0,1
10,0,1,78.91,0,1
11,0,1,201.43,0,1
11,1,1,361.6,0,1
15,0,0,252.39,0,1
9,1,1,217.37,0,1
8,0,1,152.45,0,1
10,0,1,271.96,0,1
8,0,1,297.71,0,1
11,0,1,155.34,0,1
11,0,1,102.6,0,1
6,0,1,103.0,0,1
10,0,1,307.12,1,1
17,0,1,71.77,0,1
10,0,1,495.83,0,1
9,0,1,137.87,0,1
10,0,1,218.27,0,1
8,0,1,276.17,0,1
12,0,1,120.28,0,1
15,0,1,137.56,0,1
11,1,1,196.21,1,1
4,0,1,108.61,0,1
9,0,1,95.53,0,1
11,1,1,100.82,1,1
11,0,1,374.46,1,1
10,1,1,230.16,0,1
11,0,1,112.63,0,1
17,0,1,306.02,0,1
21,0,1,116.44,0,1
9,0,1,56.25,0,1
9,0,1,275.36,0,1
17,0,1,486.74,0,1
12,0,1,253.36,0,1
11,0,1,58.42,0,1
5,0,1,178.73,0,1
11,0,1,153.74,0,1
13,0,1,227.45,0,1
10,0,1,109.03,0,1
11,1,1,148.4,0,1
11,0,1,77.32,0,1
9,1,0,207.07,0,1
17,0,0,79.06,0,1
19,0,1,235.68,0,1
18,0,1,115.55,0,1
5,0,1,27.53,0,1
18,0,1,291.85,0,1
15,0,1,243.82,0,1
21,0,1,408.2,0,1
18,0,1,51.72,0,1
9,0,1,122.4,0,1
9,0,1,196.16,0,1
21,0,1,255.45,0,1
9,0,1,75.36,0,1
9,0,0,234.83,0,1
10,0,1,128.63,0,1
22,0,1,59.56,0,1
4,0,1,115.54,1,1
19,0,1,246.81,1,1
18,0,1,61.07,0,1
8,0,1,265.66,0,1
11,0,1,214.87,0,1
5,1,1,155.66,1,1
10,1,1,67.96,0,1
12,0,0,71.31,0,1
14,0,1,142.72,0,1
15,0,0,92.3,0,1
7,0,1,148.38,0,1
9,0,1,312.22,0,1
18,0,1,153.88,0,1
10,1,1,151.37,0,1
15,0,1,151.44,1,1
11,0,1,332.97,0,1
9,0,1,393.87,1,1
17,0,1,233.49,0,1
19,0,1,196.75,0,1
16,2,1,208.04,0,1
6,0,1,426.99,0,1
9,0,1,241.23,0,1
11,0,1,451.9,0,1
11,0,1,140.97,0,1
11,0,1,81.34,1,1
11,0,1,121.34,0,1
23,0,1,129.32,0,1
9,0,1,474.72,0,1
12,0,1,281.98,0,1
19,0,1,123.66,0,1
10,0,1,294.43,0,1
3,0,0,167.71,0,1
11,0,1,483.35,0,1
9,0,1,148.38,0,1
11,0,1,72.0,0,1
10,0,1,162.06,1,1
10,0,1,148.43,1,1
9,0,1,80.97,0,1
9,0,0,257.64,0,1
9,0,1,426.17,0,1
11,0,1,92.44,0,1
11,0,1,324.94,1,1
9,0,1,125.97,0,1
11,0,1,178.6,0,1
11,0,1,167.69,0,1
21,0,1,178.6,0,1
11,0,0,240.77,0,1
12,0,1,98.05,0,1
11,0,1,393.85,0,1
15,0,1,245.21,1,1
17,0,1,299.27,0,1
12,0,1,113.52,0,1
18,0,1,92.86,0,1
9,0,1,368.57,0,1
11,1,1,90.5,0,1
9,2,1,198.26,0,1
11,1,1,334.09,0,1
9,0,0,167.99,0,1
10,0,1,365.79,0,1
11,0,1,154.02,0,1
10,0,1,84.23,0,1
16,0,1,226.9,1,1
7,0,1,204.18,0,1
14,0,1,800.0,0,1
11,0,1,102.82,0,1
10,0,1,155.85,0,1
10,1,1,116.92,0,1
12,0,1,166.42,0,1
11,0,1,162.44,1,1
8,1,1,107.41,1,1
18,0,1,240.07,0,1
10,0,1,159.42,0,1
9,0,0,406.38,0,1
9,0,1,122.84,0,1
10,1,1,553.81,0,1
21,0,1,213.9,0,1
9,0,1,388.7,0,1
9,0,0,194.27,0,1
11,0,1,113.48,0,1
9,1,1,154.76,0,1
23,0,1,78.88,0,1
10,0,1,169.54,0,1
10,0,0,200.99,0,1
11,0,1,186.31,0,1
9,1,1,402.66,0,1
10,0,1,165.76,0,1
9,0,1,58.18,0,1
18,0,1,800.0,0,1
8,0,1,119.78,0,1
8,0,0,324.16,0,1
10,1,1,73.51,0,0
6,0,1,210.0,1,1
21,1,0,112.54,0,1
10,0,1,33.33,1,1
10,0,1,152.98,1,1
9,0,1,175.91,0,1
2,0,1,158.96,0,1
10,1,1,209.74,0,1
10,0,0,154.21,0,1
9,0,1,188.95,0,1
9,0,1,200.75,1,1
13,0,1,177.49,0,1
11,0,1,163.62,0,1
18,0,1,106.04,0,1
12,0,1,258.96,1,1
20,0,0,152.96,0,1
10,0,1,145.72,0,1
9,0,1,246.5,0,1
10,0,1,205.86,0,1
9,0,1,119.23,0,1
9,2,1,383.91,1,1
11,0,1,88.81,0,1
22,0,1,97.62,1,1
10,0,1,270.7,0,1
10,0,1,518.37,0,1
10,0,1,128.2,0,1
19,0,1,232.22,0,1
10,0,1,88.64,1,1
22,0,1,103.81,0,1
8,0,1,357.57,0,1
19,0,1,225.76,0,1
11,1,1,364.29,0,1
11,0,1,347.85,0,1
10,0,1,51.74,0,1
10,1,1,88.45,0,1
16,0,1,213.72,0,1
12,0,1,65.48,0,1
15,0,1,96.3,0,1
10,1,0,426.74,0,1
11,0,1,130.98,1,1
9,1,1,277.6,0,1
9,0,1,178.23,0,1
11,0,0,120.55,1,1
6,1,1,66.78,0,1
9,0,1,208.51,0,1
6,0,1,433.88,0,1
9,0,1,122.62,0,1
5,0,1,188.89,0,1
11,1,1,72.83,0,1
9,0,1,121.11,0,1
9,0,1,222.41,0,1
10,0,1,283.22,0,1
9,0,1,253.05,0,0
10,0,1,53.57,0,1
6,0,1,137.8,0,1
15,0,1,101.46,0,1
8,2,1,150.59,0,1
10,0,0,169.57,0,1
9,0,1,343.71,1,1
16,2,1,216.4,1,1
11,0,1,424.41,0,1
20,0,1,119.14,0,1
14,0,1,77.46,0,1
11,1,1,434.04,1,1
2,0,1,235.11,0,1
20,1,1,116.05,0,1
20,0,1,235.73,0,1
19,0,1,299.21,0,1
10,0,1,194.71,0,1
10,0,1,117.05,0,1
9,0,1,139.11,0,1
21,0,1,215.8,0,1
11,0,1,204.25,0,1
21,0,1,375.16,0,1
19,0,1,153.62,0,1
10,0,1,101.67,0,1
10,0,1,800.0,0,1
12,0,1,201.28,0,1
6,0,1,299.03,0,1
16,0,1,247.92,0,0
20,0,1,202.74,0,1
9,0,1,158.12,0,1
9,1,1,33.71,0,1
9,0,1,95.78,0,1
6,0,1,220.85,0,1
7,0,1,35.47,0,1
11,0,1,189.23,0,1
11,0,1,269.55,0,1
16,0,1,298.86,0,1
11,0,1,259.54,0,1
14,0,1,322.16,0,1
7,0,1,475.02,0,1
11,0,1,349.91,0,1
7,0,1,204.0,1,1
8,0,1,167.21,1,1
16,2,1,194.18,0,1
10,0,1,153.65,0,1
10,0,1,354.44,0,1
10,1,1,255.51,0,1
10,0,1,144.22,0,1
15,0,1,401.2,0,1
16,0,1,152.15,1,1
20,1,1,102.77,0,1
19,0,1,180.11,0,1
14,0,1,110.56,1,1
9,0,0,317.9,0,1
20,1,0,109.15,1,1
4,0,1,169.15,0,1
16,0,1,318.56,0,1
11,1,1,118.24,0,1
9,0,1,231.99,0,0
20,0,1,101.08,0,1
16,0,0,209.9,0,1
14,0,1,254.77,0,1
18,1,1,176.75,0,1
20,0,1,184.96,0,1
11,0,1,236.6,0,0
11,0,1,153.19,1,1
8,0,1,309.12,0,1
22,2,1,412.69,0,1
2,0,1,104.01,1,1
6,0,1,523.34,1,1
11,0,1,151.09,0,1
17,1,1,599.81,0,1
19,0,1,152.33,0,1
9,0,1,277.11,0,1
11,0,1,276.22,0,1
19,0,1,143.68,0,1
22,0,1,189.35,0,1
21,0,1,430.07,0,1
10,0,1,149.41,1,1
15,0,1,141.1,0,1
10,0,1,90.73,0,1
15,1,1,464.3,0,1
16,0,1,135.85,1,1
23,2,1,372.41,0,1
11,0,0,126.37,0,1
14,0,1,365.46,1,1
21,1,1,294.12,0,1
12,0,1,158.05,0,1
16,0,1,116.68,1,1
11,2,1,122.51,1,1
11,0,1,121.57,0,1
11,0,1,343.47,0,1
9,0,1,199.56,0,1
11,0,0,92.84,0,1
7,0,1,155.82,0,1
15,0,1,167.57,0,1
9,0,1,50.23,0,1
8,0,1,161.11,0,1
11,0,1,279.76,0,1
9,0,1,166.9,0,1
9,0,1,211.17,0,1
11,0,1,242.43,0,1
19,0,1,147.59,0,1
23,0,1,281.03,0,0
6,0,1,434.63,0,1
10,0,1,72.65,0,1
10,1,1,147.39,0,1
8,0,1,733.46,0,1
11,0,1,200.81,0,1
9,0,1,177.52,0,1
23,0,1,155.27,0,1
10,1,1,389.42,1,1
17,1,1,103.19,0,1
10,0,1,315.99,0,1
15,0,1,153.54,0,1
9,1,1,115.6,0,1
17,1,1,157.8,0,1
23,0,1,176.3,0,1
13,0,1,134.47,0,1
14,0,1,353.42,0,1
10,1,1,116.13,0,1
12,0,1,197.17,0,1
11,0,1,250.25,0,1
17,0,1,195.94,0,1
20,0,1,288.11,0,1
20,0,1,139.75,0,1
17,2,1,263.37,0,1
11,0,1,268.09,1,1
19,0,1,324.04,0,1
7,0,1,58.48,0,1
21,0,1,246.02,0,1
10,0,1,311.3,0,1
14,0,1,141.62,0,1
6,0,1,130.49,0,1
14,0,1,119.01,1,1
15,0,1,97.59,0,1
7,0,1,270.28,0,1
13,1,1,712.76,0,1
10,1,1,129.85,0,1
20,0,0,137.01,0,0
11,0,1,182.95,0,1
9,1,1,69.33,0,1
10,0,1,119.42,0,1
17,0,1,175.18,0,1
6,1,1,106.02,0,1
11,0,1,371.84,0,1
8,0,1,83.41,0,1
1,1,0,311.25,1,1
10,0,1,437.51,0,1
9,0,1,227.93,1,1
17,0,1,166.92,0,1
10,0,1,210.14,0,1
12,0,1,139.17,0,1
12,0,1,53.43,1,1
9,2,1,100.73,0,1
8,0,1,180.06,0,1
11,0,1,103.09,0,1
10,0,1,141.48,1,1
10,0,1,241.65,1,1
10,0,1,197.75,1,1
9,2,1,342.09,1,1
9,1,1,216.26,0,1
14,0,1,224.03,0,1
9,0,1,118.23,0,1
10,0,1,81.56,0,1
2,0,1,141.49,1,1
11,0,1,117.18,1,1
11,0,1,164.01,0,1
8,2,1,95.62,0,1
8,0,1,300.51,1,1
10,0,1,116.92,0,1
6,0,1,145.73,0,1
8,0,1,179.09,0,1
9,0,1,355.64,0,1
10,0,1,520.72,0,1
9,0,1,542.65,0,1
9,0,1,84.01,0,1
10,0,1,144.91,1,1
9,0,1,129.28,0,1
9,0,1,226.37,0,1
9,0,1,218.23,1,1
6,0,1,127.77,0,1
8,0,1,121.86,0,1
11,0,1,99.64,0,1
17,0,1,36.87,0,1
10,0,1,83.19,0,1
2,0,1,304.92,0,1
9,0,1,436.51,0,1
21,0,1,406.96,0,1
12,0,0,312.79,0,1
10,1,1,98.77,0,1
10,0,1,89.23,0,1
7,1,1,61.15,1,1
11,0,1,127.75,0,1
21,0,1,191.0,0,1
9,1,0,99.02,0,1
12,0,1,234.78,0,1
3,0,1,268.03,0,1
11,0,1,136.36,1,1
11,0,1,81.12,0,1
13,0,1,415.12,0,1
14,0,1,185.14,0,1
8,1,0,580.98,0,1
11,0,1,191.6,0,1
11,1,0,199.8,0,1
10,1,1,101.63,0,1
10,0,1,140.59,0,1
9,0,1,71.14,0,1
19,1,1,80.95,0,1
14,1,1,282.79,0,1
18,0,1,153.0,0,1
10,0,1,140.67,0,1
22,0,1,116.25,0,1
10,0,1,143.84,0,1
13,0,0,357.75,0,1
10,0,1,197.66,0,1
11,0,1,89.3,1,1
6,0,1,336.38,1,1
10,0,1,510.31,1,1
9,0,1,243.92,1,1
6,0,1,309.44,0,1
9,0,1,377.08,0,1
11,0,1,67.09,0,1
9,0,1,554.77,0,1
9,0,1,350.47,1,0
7,2,1,243.06,0,1
16,0,1,168.13,1,1
11,0,1,81.26,0,1
10,0,1,148.59,1,1
9,2,1,237.23,0,1
16,0,0,93.45,0,1
11,0,1,173.84,0,1
9,0,1,89.11,0,1
19,0,1,143.92,1,1
16,0,1,80.51,0,1
19,0,1,75.59,0,1
21,0,1,222.31,0,1
16,0,0,128.01,1,1
11,0,1,135.44,0,1
10,0,1,123.96,0,1
18,0,1,800.0,0,1
9,0,1,260.97,0,1
10,0,1,278.34,0,1
20,0,1,113.84,0,1
14,0,1,245.39,1,1
13,0,1,158.12,1,1
16,1,1,113.29,0,1
20,0,1,576.78,1,1
9,0,1,255.62,0,1
10,0,1,247.99,0,1
9,0,1,101.19,0,1
10,0,1,84.59,0,1
21,0,1,175.12,1,1
13,0,1,128.5,0,1
10,0,1,261.8,0,0
10,0,1,272.48,0,1
11,0,1,188.54,0,1
10,0,0,297.86,0,1
19,0,1,203.56,0,1
19,0,1,107.45,0,1
10,0,1,160.94,1,1
9,2,0,196.65,0,1
16,1,1,316.51,0,1
9,0,0,207.47,0,1
12,0,1,128.65,0,1
6,0,1,323.66,1,1
15,0,1,227.8,0,1
9,0,0,458.25,0,1
14,0,1,191.02,1,1
9,0,1,97.28,0,1
14,1,1,367.3,0,1
9,0,1,128.24,0,1
18,0,1,216.43,1,1
9,0,1,202.64,0,1
13,0,1,186.3,0,1
10,0,1,163.71,0,1
19,0,1,67.27,0,1
9,0,1,99.36,0,1
21,0,1,355.41,0,1
9,0,1,234.46,0,1
11,0,1,569.97,0,1
9,0,1,97.26,0,1
9,0,0,177.97,1,1
9,0,1,364.28,0,1
9,0,1,129.09,0,1
17,0,0,135.47,0,1
9,0,0,152.02,0,1
0,0,1,138.77,0,1
11,2,1,249.41,0,1
9,0,1,62.29,0,1
10,0,1,485.72,1,1
3,0,1,101.92,0,1
8,1,1,50.89,0,1
11,0,1,180.16,0,1
18,0,1,144.54,1,1
9,0,1,162.91,0,1
8,0,0,218.67,0,1
11,0,1,266.91,1,1
15,0,0,498.69,0,1
10,0,0,119.81,0,1
9,1,1,288.47,0,1
6,0,1,277.37,1,1
11,0,1,37.17,0,1
19,0,1,109.96,1,1
11,0,1,83.75,0,1
8,0,1,237.16,0,1
10,0,0,222.0,0,1
11,0,1,224.7,0,1
5,0,1,150.9,0,1
21,0,1,160.32,0,1
11,0,1,178.19,0,1
15,0,1,142.5,0,1
9,0,1,288.97,0,0
10,0,1,95.41,1,1
20,1,1,113.4,0,1
12,1,1,194.96,1,1
9,0,1,145.36,0,1
10,0,1,93.2,1,1
9,0,1,249.42,0,1
11,0,0,128.59,0,1
20,0,0,109.2,1,1
9,0,1,163.26,1,1
16,0,1,106.06,0,1
16,0,1,177.59,0,1
10,0,1,146.08,0,1
13,0,1,133.28,0,1
9,0,1,133.78,1,1
12,0,1,329.43,0,1
9,0,1,226.23,1,1
10,0,1,65.01,0,1
9,0,1,307.91,0,1
11,0,1,247.13,1,1
11,0,1,238.53,0,1
10,0,1,308.82,0,1
7,0,1,182.91,0,1
20,0,1,262.97,0,1
11,0,1,137.18,0,1
11,0,1,301.43,0,1
10,0,1,206.62,0,1
9,0,1,79.35,1,0
10,1,1,337.59,0,1
8,0,1,167.78,1,1
9,0,1,154.34,0,1
9,0,1,138.99,0,1
9,0,1,145.24,0,1
19,1,1,208.05,0,1
13,0,1,100.23,0,1
9,0,1,70.73,0,1
9,0,1,95.71,0,1
11,0,1,227.93,1,1
12,0,1,164.49,0,0
20,0,1,353.51,0,1
9,0,1,174.35,0,1
21,0,1,300.52,0,1
10,0,1,119.62,0,1
13,1,1,139.62,0,1
20,0,1,182.31,0,1
11,0,1,165.97,0,1
15,0,1,156.93,0,1
13,0,1,107.42,0,1
13,0,1,70.01,0,1
10,0,1,264.7,1,1
11,0,1,247.54,0,1
11,0,1,125.42,0,1
14,2,1,227.54,0,1
10,0,1,164.04,1,1
11,0,1,352.03,0,1
15,1,1,82.49,0,1
9,0,1,168.0,1,1
15,0,1,160.14,0,1
15,0,1,199.67,0,1
5,0,1,455.9,0,1
6,2,1,168.3,0,1
10,2,1,283.12,0,1
21,0,1,165.89,0,1
11,0,1,344.66,0,1
9,0,1,284.78,0,1
16,0,1,148.41,1,1
13,0,1,142.14,0,1
10,0,1,242.79,0,0
9,2,1,122.33,0,1
14,1,1,203.24,0,1
10,0,1,146.43,0,1
20,0,1,226.07,0,1
8,0,1,164.58,0,1
16,0,1,119.64,0,1
11,0,1,351.84,0,1
15,0,1,209.29,0,1
16,0,1,175.54,0,1
9,0,1,233.22,1,1
10,0,1,66.51,0,1
9,1,1,635.31,0,1
14,0,1,183.98,0,1
10,0,1,55.82,1,1
11,0,1,371.76,0,1
10,0,1,115.49,0,1
10,2,1,339.08,0,1
11,0,1,194.99,0,1
11,0,1,70.65,0,1
10,0,1,212.04,0,1
10,0,1,202.88,0,1
13,0,1,361.79,1,1
9,0,1,247.97,0,1
6,0,1,86.17,1,1
18,0,1,330.75,0,1
9,0,1,141.4,0,1
12,0,1,508.85,1,1
1,0,1,146.52,0,1
7,0,1,159.69,0,1
9,1,1,110.7,0,1
4,1,1,134.4,0,1
6,0,1,114.69,0,1
10,0,1,367.19,0,1
9,0,1,81.54,0,1
6,0,1,293.76,0,1
9,0,0,298.03,1,1
12,0,1,414.27,0,1
9,0,1,186.09,0,1
12,0,0,97.9,0,0
8,1,0,163.52,0,1
18,0,1,259.0,0,1
3,0,1,190.73,0,1
13,0,1,225.89,0,1
17,0,0,411.24,1,1
10,1,1,257.03,0,1
13,0,1,204.19,0,1
9,0,1,59.94,0,1
11,0,1,113.26,0,1
11,0,1,142.19,0,1
16,0,1,55.35,0,1
9,0,1,93.17,0,1
10,0,1,154.3,0,1
17,0,1,170.13,0,1
10,0,1,245.55,0,0
9,0,1,160.26,0,1
9,0,1,210.36,0,1
9,0,1,141.08,1,1
9,0,1,185.9,1,1
11,0,1,237.6,0,1
11,0,1,438.6,0,1
18,0,1,133.12,1,1
9,0,1,197.65,0,1
9,0,1,305.36,1,1
11,0,1,76.42,0,1
10,0,1,601.06,0,1
16,0,1,367.76,0,1
9,0,1,64.92,0,1
11,0,1,226.52,0,1
9,0,1,129.2,0,1
13,0,1,142.82,1,1
11,0,1,223.7,0,1
19,0,1,340.44,0,1
10,0,1,137.07,0,1
10,0,1,138.18,0,1
11,0,1,226.63,0,1
11,0,1,255.49,0,1
9,0,1,99.06,0,1
15,0,1,509.89,0,1
11,0,1,123.22,1,1
10,0,1,323.37,0,1
10,1,1,237.7,1,1
19,1,1,260.81,0,1
10,0,1,124.66,0,1
15,0,1,64.44,0,1
19,0,1,178.96,0,1
13,0,1,179.4,0,1
11,0,1,102.02,0,1
10,0,1,314.43,0,1
10,0,1,175.75,0,1
8,0,1,111.56,1,1
9,0,1,257.51,0,1
13,0,1,261.64,0,1
3,0,1,117.94,1,1
11,1,0,379.95,0,1
18,0,1,696.42,0,1
13,0,1,94.25,0,1
7,0,1,162.35,0,1
9,1,1,221.9,0,1
10,0,1,712.06,0,1
11,0,1,116.71,0,1
10,0,1,103.16,0,1
8,0,1,102.73,0,1
10,0,1,377.23,0,1
9,0,1,118.55,0,1
13,0,1,108.84,0,1
9,1,1,208.22,0,1
9,0,1,218.1,0,1
11,0,1,344.68,0,1
10,0,1,191.55,0,1
10,0,1,210.47,0,1
11,1,1,170.18,0,1
9,0,1,82.88,0,1
11,0,1,160.81,0,0
9,0,1,188.24,1,1
11,0,1,138.89,1,1
10,0,1,70.9,1,1
11,0,1,91.74,1,1
12,0,1,177.04,0,1
11,0,1,317.24,0,1
13,0,0,497.39,0,1
7,0,1,162.34,0,1
19,2,1,117.9,0,1
16,0,1,144.97,0,1
17,0,0,96.75,0,1
9,0,1,290.8,0,1
9,0,1,653.65,0,1
15,0,1,119.64,0,1
13,1,1,88.66,1,1
11,0,1,331.59,0,1
11,1,1,219.39,1,1
6,0,1,221.62,0,1
10,0,1,470.08,0,1
17,1,1,79.85,0,1
11,0,1,78.52,0,1
10,1,1,164.51,0,1
9,0,1,188.3,0,1
16,1,1,146.5,0,1
13,0,1,793.5,1,1
12,0,1,150.48,0,1
9,0,1,130.26,0,1
12,0,1,195.31,0,1
11,0,1,324.58,0,1
4,0,1,117.3,0,1
16,0,1,165.97,0,1
11,0,1,330.16,0,1
10,0,1,341.34,0,1
11,0,1,206.56,0,1
11,0,1,773.58,0,1
18,0,1,594.9,0,1
11,0,1,77.97,0,1
9,0,1,65.68,0,1
9,0,1,292.2,0,1
11,1,1,411.26,0,1
9,0,1,158.4,0,1
10,0,1,134.11,1,1
21,0,1,110.81,0,1
11,0,1,89.94,0,1
20,0,1,358.46,0,1
9,0,0,144.2,1,1
10,0,1,217.26,0,1
18,0,1,60.61,0,1
9,0,1,330.75,0,1
11,0,1,257.92,0,1
14,1,1,80.9,0,1
9,0,1,211.75,0,1
9,0,1,181.79,0,1
11,2,1,138.37,0,1
11,0,1,31.76,0,1
7,0,1,121.97,0,1
10,0,1,217.34,0,1
1,2,1,130.43,0,1
10,2,1,158.69,1,1
11,0,1,444.99,0,1
9,0,1,173.04,0,1
16,0,1,51.52,0,1
10,0,1,162.24,1,1
10,0,1,192.41,0,1
10,1,0,110.47,0,1
6,0,1,281.7,1,1
8,0,1,75.39,0,1
9,0,1,166.89,0,1
9,0,1,74.87,0,1
9,0,1,151.8,0,1
16,0,1,277.24,0,1
10,1,1,164.51,1,1
10,1,1,158.85,1,0
9,0,1,184.32,0,1
11,1,1,189.93,0,1
10,0,1,274.86,0,1
8,0,1,275.86,1,1
18,0,1,425.39,0,1
11,0,1,200.45,0,1
9,1,1,66.92,0,1
9,0,1,303.31,0,1
9,0,1,407.44,0,1
6,0,1,793.95,1,1
1,0,1,433.12,0,1
9,0,0,135.07,0,1
9,0,1,202.82,0,1
17,0,0,154.1,1,1
11,0,1,142.04,0,1
11,0,1,169.34,0,1
9,0,1,392.07,1,1
9,0,1,69.86,0,1
11,0,1,99.33,1,1
10,0,1,376.79,0,1
10,0,1,433.63,0,1
9,0,1,122.03,0,1
11,1,1,488.07,0,1
11,0,1,325.55,0,1
10,0,1,154.37,0,1
21,2,1,42.05,0,1
10,0,1,66.63,0,1
13,0,1,122.13,0,1
16,0,1,285.99,1,1
11,1,1,286.53,0,1
13,1,1,137.02,0,1
9,0,1,157.79,0,1
12,0,1,177.77,0,1
10,0,1,158.98,0,1
9,2,1,199.97,0,1
10,1,1,178.03,0,1
7,0,1,66.38,0,1
12,0,1,160.05,0,1
11,0,1,178.83,0,0
10,0,1,328.28,0,0
9,0,0,110.08,0,1
15,0,1,204.86,0,1
17,0,1,254.09,0,0
9,0,1,165.83,0,1
12,2,1,63.25,0,1
10,0,1,332.3,1,1
9,0,1,283.8,0,1
20,0,1,207.94,0,1
9,2,1,185.71,0,1
11,0,1,62.25,1,1
9,0,1,288.53,0,1
14,0,1,442.23,1,1
9,0,1,92.92,0,1
10,0,1,406.27,0,1
11,0,1,357.41,0,1
9,1,1,91.29,0,1
16,0,1,143.1,0,1
9,0,1,78.47,1,1
0,0,0,174.32,0,1
10,0,1,237.22,0,1
10,0,1,82.08,1,1
6,0,1,228.49,0,1
11,0,1,265.99,0,1
11,0,1,268.3,0,1
20,0,1,238.1,0,1
9,0,1,86.74,0,1
9,0,1,168.53,0,1
11,2,1,223.95,1,1
10,0,1,435.55,0,1
11,0,1,181.54,0,1
10,0,1,234.0,0,1
9,0,0,103.63,0,1
16,0,1,90.66,0,1
10,1,1,83.94,0,1
11,0,1,140.87,0,1
19,0,0,624.67,0,1
16,0,1,142.42,0,1
12,0,1,225.6,0,1
10,0,1,253.22,0,1
16,0,1,94.17,0,1
8,0,1,139.62,0,1
11,1,1,263.66,0,1
15,0,1,234.39,1,1
3,0,0,54.8,0,1
13,0,1,258.95,1,1
10,0,1,130.24,0,1
9,0,1,132.3,1,1
11,0,0,231.12,0,1
9,1,1,452.04,0,1
11,1,1,160.73,0,1
6,1,1,367.76,0,1
10,0,1,76.36,0,1
11,0,1,196.06,0,1
10,0,1,131.02,0,0
13,0,1,214.69,0,1
9,0,1,151.75,1,1
12,0,1,81.07,0,1
9,0,1,106.44,0,1
9,0,1,67.63,0,1
6,0,1,82.75,0,1
17,0,1,241.82,0,1
15,0,1,155.93,0,1
15,0,1,208.2,0,1
6,0,1,538.8,1,1
12,0,1,151.78,0,1
11,0,1,265.22,0,1
19,0,1,184.36,0,1
15,0,1,800.0,0,1
9,0,1,29.65,0,1
9,0,1,117.85,0,1
9,0,1,268.38,0,1
19,0,0,115.38,0,1
11,0,1,254.59,0,1
21,1,1,174.85,1,1
10,0,1,304.59,0,0
9,0,1,91.9,0,1
9,0,1,201.08,0,1
21,0,1,239.75,0,1
9,0,1,196.19,0,1
17,0,1,198.27,0,1
11,2,1,372.96,0,1
6,0,1,66.16,0,1
10,0,1,195.39,1,1
6,0,1,87.75,0,1
9,1,1,285.59,0,1
17,0,1,109.64,1,1
12,0,1,41.12,1,1
6,0,1,289.71,0,1
10,0,1,154.31,0,1
18,0,0,224.52,0,1
7,0,1,426.75,0,1
15,0,1,226.52,0,1
15,0,1,200.67,0,1
11,1,1,176.2,0,1
10,0,1,91.07,0,1
10,1,1,159.31,0,1
15,0,0,592.49,0,1
9,0,1,144.73,0,1
10,0,1,165.07,0,1
11,0,1,385.39,0,1
17,0,1,71.9,0,1
18,0,1,262.98,0,1
17,0,1,69.87,0,1
10,0,1,230.33,0,1
11,0,1,178.85,1,1
11,0,1,261.76,1,1
17,0,0,98.74,0,1
10,0,1,131.5,1,1
9,1,1,270.0,0,1
9,0,1,133.5,0,1
15,0,1,285.23,1,1
7,0,1,205.51,0,1
11,0,1,138.73,0,1
21,2,1,150.02,0,1
11,0,1,181.65,0,1
9,0,1,158.84,0,1
16,0,1,280.94,0,1
18,0,1,145.07,0,1
10,1,1,128.53,0,1
10,0,1,312.98,0,0
10,0,1,140.71,1,1
7,0,1,131.08,0,1
13,0,1,40.8,0,1
11,0,1,97.15,0,1
9,0,1,109.6,0,1
9,0,1,131.09,0,1
15,1,0,117.53,0,1
9,0,1,326.96,0,1
21,0,1,113.85,1,1
13,0,1,119.06,0,1
10,2,1,199.02,0,0
10,0,1,93.6,0,1
15,0,1,463.31,0,1
11,0,1,293.33,0,1
21,0,1,89.94,0,1
14,0,1,333.02,0,1
10,0,1,377.29,0,1
14,0,1,91.35,0,0
7,0,1,90.1,1,1
11,0,1,125.68,1,1
20,1,0,77.55,0,1
10,1,1,113.5,0,1
11,0,1,142.58,0,1
9,0,1,245.3,0,1
11,0,0,190.33,0,1
10,0,1,165.87,0,1
11,0,1,135.65,0,1
9,0,1,82.7,0,1
10,0,1,258.53,1,1
9,0,1,255.09,0,1
10,0,1,125.2,0,1
21,0,1,93.63,0,1
13,0,1,461.12,1,1
12,0,1,210.2,0,1
16,0,1,230.02,0,1
9,0,1,236.06,0,1
11,0,1,88.1,0,1
10,0,1,445.66,0,1
10,1,1,142.29,0,1
7,0,1,296.85,0,1
12,0,1,434.88,0,1
14,0,1,190.34,0,1
16,1,1,89.22,0,1
19,1,1,40.61,0,1
14,0,1,177.14,0,1
10,1,1,210.63,0,1
9,0,1,127.94,0,1
7,0,1,196.65,1,1
22,0,1,234.68,0,1
13,0,1,329.1,1,1
10,1,1,158.04,1,1
11,0,1,176.41,0,1
10,1,1,162.85,1,1
9,0,1,184.96,0,1
12,0,1,133.23,0,1
16,0,1,132.85,0,1
9,0,1,137.96,0,1
12,0,1,199.09,0,1
19,0,1,109.03,0,1
11,1,1,138.3,0,0
10,0,1,536.55,0,1
11,0,1,310.39,0,0
9,0,1,102.08,0,1
10,0,1,304.54,0,1
9,1,0,264.13,1,1
14,0,1,170.31,0,1
9,0,1,118.54,0,1
6,0,1,110.73,1,1
8,0,1,207.33,0,0
7,0,1,109.1,0,1
9,0,1,350.14,0,1
10,0,1,415.09,0,1
9,0,1,176.68,1,1
9,0,1,358.98,0,1
10,0,0,141.61,0,1
2,0,1,118.08,0,1
9,0,0,350.78,0,1
10,0,1,467.74,0,1
19,0,1,588.69,1,1
9,1,1,221.32,1,1
11,0,1,304.07,0,1
17,0,1,218.41,0,1
18,1,1,420.75,0,1
11,0,1,235.09,0,1
10,0,1,293.84,0,1
10,0,1,91.72,0,1
16,0,1,157.8,1,1
5,0,1,295.36,0,1
9,0,1,279.89,0,0
17,2,1,310.86,0,1
9,0,1,194.88,0,1
9,0,1,122.58,0,1
23,0,1,174.97,0,1
14,0,1,186.46,0,1
9,0,1,209.57,0,1
21,0,1,101.42,0,1
9,0,1,154.54,0,1
15,0,1,171.88,0,1
14,1,1,47.21,0,1
10,1,1,298.72,0,1
6,0,1,200.02,1,1
11,0,1,212.55,0,1
19,0,1,133.05,0,1
11,1,1,257.69,1,1
9,0,1,110.04,0,1
10,0,0,120.92,0,1
17,0,1,264.28,0,1
11,0,1,224.59,0,1
10,0,1,84.22,1,1
7,0,1,467.04,0,1
15,0,1,115.0,0,1
13,0,1,167.41,0,1
19,0,1,517.02,0,1
9,0,1,52.67,0,1
9,1,1,65.12,0,1
9,0,1,236.31,0,1
9,1,1,40.97,0,1
9,0,1,53.19,1,1
13,0,1,366.9,0,1
11,0,0,141.84,0,1
9,0,1,676.99,0,1
6,0,1,97.43,1,1
19,0,1,149.74,0,1
9,0,1,250.73,0,0
8,0,1,240.55,0,1
11,0,0,155.56,1,1
21,1,1,122.85,0,1
14,0,1,208.27,0,1
11,1,1,414.11,0,1
11,0,1,286.48,1,1
12,0,1,124.03,0,0
8,0,1,99.98,1,1
11,0,0,119.62,1,1
19,0,1,84.42,0,1
10,0,1,198.04,0,1
7,0,1,295.38,0,1
10,0,1,173.68,1,1
16,0,0,508.7,0,1
8,0,1,525.97,1,1
9,0,1,218.03,0,1
3,0,1,276.21,0,1
6,0,1,105.61,0,1
5,0,1,145.99,0,1
9,0,1,388.92,1,1
6,0,1,128.05,0,1
8,0,1,442.49,0,1
11,0,1,353.38,0,1
9,1,1,284.57,0,1
18,0,1,89.69,0,1
10,0,1,150.33,0,1
6,0,1,266.81,1,1
10,0,1,100.34,0,1
11,0,1,161.73,0,1
11,0,1,284.66,0,1
21,0,1,128.91,0,1
11,0,1,109.08,0,1
9,0,1,61.53,0,0
9,0,1,143.74,0,1
9,1,1,288.27,0,1
14,0,1,107.37,0,1
10,0,1,183.23,0,1
9,0,1,158.46,1,0
15,0,1,121.51,0,1
9,0,1,299.65,0,1
10,0,0,485.59,0,1
9,0,1,331.16,0,1
19,0,1,119.4,0,1
9,0,1,599.09,0,1
19,0,1,330.58,0,1
10,0,1,137.77,0,1
6,0,1,113.84,0,1
10,0,1,355.18,0,1
17,0,1,201.19,0,1
17,0,1,108.8,0,1
23,1,1,165.86,0,1
10,0,0,141.98,0,1
11,1,1,110.56,0,1
10,0,1,333.2,0,1
11,0,1,289.75,0,1
6,0,1,299.8,0,1
11,1,1,297.32,0,1
13,0,1,104.62,1,1
17,0,1,126.19,0,1
11,0,1,434.93,1,1
9,0,1,193.41,0,1
18,0,1,75.02,0,1
10,1,1,206.47,1,1
10,2,0,268.51,0,1
10,0,1,248.25,1,1
12,1,1,103.26,0,1
11,0,1,562.3,0,1
8,0,1,73.67,0,1
9,0,1,193.74,1,1
18,0,1,513.85,1,1
19,2,0,258.53,0,1
9,0,0,299.39,0,1
14,0,1,96.36,0,1
11,0,1,223.24,1,1
10,0,1,177.33,0,1
19,0,1,92.02,0,1
12,2,1,304.61,0,1
17,0,1,110.86,0,1
9,0,0,119.04,0,1
1,0,1,234.99,1,1
9,0,1,166.34,0,1
10,0,1,200.65,1,1
9,0,0,160.34,0,1
11,0,1,423.2,0,1
17,0,1,104.06,0,1
10,0,1,137.16,0,1
10,0,1,241.94,1,1
11,0,1,100.21,0,1
21,0,1,97.58,0,1
17,0,1,196.89,0,1
11,1,1,305.03,0,1
9,0,1,329.88,1,1
10,0,1,191.53,0,1
17,0,1,121.11,0,1
0,0,1,213.88,0,1
11,0,0,254.6,0,1
10,1,1,212.11,0,1
10,0,1,380.13,0,1
17,0,1,98.64,0,1
7,0,1,119.32,0,1
5,0,1,349.75,1,1
11,0,1,74.9,0,1
10,1,1,131.15,0,1
11,0,1,116.87,1,1
11,0,1,70.91,0,1
6,0,1,162.02,1,1
20,0,1,283.66,1,1
9,0,1,199.1,0,1
9,0,1,292.88,0,1
20,0,0,370.62,0,1
23,0,1,143.83,0,1
12,0,1,800.0,0,1
13,0,1,147.34,0,1
14,0,1,159.57,0,1
15,0,1,118.56,0,1
6,0,1,251.45,0,1
9,0,1,152.28,1,1
11,0,0,172.89,0,1
10,0,1,160.27,0,1
16,0,1,158.1,1,1
11,2,1,199.33,0,1
7,0,1,138.36,0,1
14,0,1,142.31,0,1
4,0,1,345.06,0,1
10,0,1,152.0,0,1
9,0,1,228.18,0,1
9,0,1,106.3,0,1
9,0,1,138.82,0,1
10,0,1,86.53,1,1
10,0,1,551.51,0,1
8,0,1,413.76,1,1
10,0,1,259.12,0,1
9,0,1,658.96,0,1
16,0,1,287.77,1,1
15,0,1,163.5,0,1
19,0,1,226.67,0,1
9,2,1,410.13,0,1
17,0,1,106.89,0,1
9,0,1,89.69,0,1
10,0,1,231.28,0,0
11,0,1,127.47,0,1
14,0,0,46.71,1,1
11,0,1,85.99,0,0
11,0,1,150.38,0,1
14,0,1,186.59,1,1
9,0,0,189.95,0,1
10,1,1,603.72,0,1
21,0,1,160.04,0,1
9,0,1,214.19,0,1
6,0,1,68.34,0,1
10,0,0,177.92,0,1
13,0,1,221.52,0,1
15,0,1,79.43,0,1
9,0,0,103.5,0,1
9,0,1,243.11,0,1
13,1,1,130.61,0,1
6,0,1,170.46,0,1
9,0,0,250.75,0,1
9,1,1,615.31,0,1
15,0,1,158.69,1,1
14,0,1,524.01,1,1
21,0,1,55.97,1,1
18,0,1,198.15,0,1
12,0,1,148.35,0,1
9,0,0,131.7,0,1
11,0,1,269.03,0,1
14,0,1,159.37,0,1
10,0,1,53.79,0,1
19,0,1,69.89,0,1
11,0,1,279.56,0,1
9,0,1,67.87,1,1
10,0,1,284.09,0,1
0,0,1,195.36,1,1
6,0,1,163.67,0,1
10,0,1,172.62,1,1
18,0,1,246.87,0,1
11,0,1,89.43,1,1
9,0,1,185.93,0,1
21,0,0,91.5,0,1
11,0,1,199.97,0,1
11,2,1,267.17,0,1
11,0,1,200.25,1,1
9,0,1,261.17,1,1
16,0,1,119.1,0,1
8,1,1,174.63,0,1
10,0,0,157.15,0,1
1,0,1,151.1,1,1
7,0,1,112.13,0,1
11,0,1,139.9,0,1
11,0,1,92.98,0,1
15,0,1,65.6,0,1
9,1,1,119.05,0,1
9,1,1,263.9,0,1
7,1,1,208.6,0,1
11,0,1,85.29,0,1
9,0,1,142.08,0,0
18,0,1,274.64,0,1
16,0,1,138.5,0,1
9,0,1,77.43,0,1
10,0,1,702.45,0,1
5,0,1,163.99,1,1
16,0,1,90.18,1,1
8,0,1,200.89,1,1
9,0,1,172.2,1,1
9,0,1,71.89,0,1
15,0,1,191.72,0,1
10,0,1,327.09,0,1
8,0,1,157.63,1,1
16,0,1,52.66,0,1
10,0,1,222.55,0,1
12,0,1,260.28,0,0
10,0,1,127.5,0,1
10,0,1,128.07,0,1
6,0,1,702.55,1,1
11,1,1,122.13,0,1
0,0,1,92.47,1,0
10,2,1,184.02,0,1
9,0,1,255.93,0,1
18,0,1,249.5,1,1
8,2,1,41.23,1,1
15,0,1,121.94,0,1
10,0,1,362.03,0,1
11,0,1,220.53,0,1
11,0,1,86.36,0,1
20,1,1,382.01,0,1
11,0,1,323.42,1,1
8,0,1,151.72,0,1
17,0,1,307.26,0,0
10,0,1,601.76,0,1
18,0,1,96.29,1,1
23,0,1,252.97,1,1
10,0,1,596.79,0,1
10,0,1,268.22,0,1
8,0,1,115.28,0,1
18,0,0,209.21,0,1
11,0,1,412.37,0,1
14,0,1,98.55,1,1
10,0,1,178.03,1,1
9,0,1,156.63,0,1
5,1,1,124.11,0,1
16,0,1,209.54,0,1
21,1,1,170.64,0,1
18,0,1,266.67,0,1
11,0,1,359.45,0,1
9,0,1,84.46,0,1
10,1,1,188.77,0,1
17,0,1,175.59,0,1
11,1,0,204.8,0,1
17,1,1,179.6,0,1
4,0,1,100.65,0,1
5,0,1,433.92,0,1
6,0,0,560.29,0,1
8,0,1,251.67,1,1
5,0,1,259.53,0,1
10,0,1,196.1,1,1
10,0,1,324.25,0,1
10,0,1,41.85,0,1
4,0,1,180.85,0,1
10,0,1,128.56,0,1
9,0,1,197.85,1,1
9,0,1,349.18,1,1
8,0,1,183.35,1,1
11,0,1,146.01,0,1
9,0,1,78.1,0,1
21,0,1,169.77,0,1
11,0,1,271.34,0,1
9,0,1,109.44,0,1
9,0,1,54.49,1,1
18,1,1,709.49,1,1
7,0,1,221.65,0,1
9,0,1,158.71,0,0
14,0,1,417.63,0,1
11,0,1,197.33,0,1
10,0,1,403.11,0,1
10,0,1,382.92,1,1
9,0,1,84.38,0,1
13,0,1,238.89,0,1
11,0,1,510.39,0,1
12,0,0,99.56,0,0
8,1,1,100.3,1,1
10,0,1,111.02,0,1
21,0,1,309.28,1,1
9,0,1,215.0,0,0
9,0,1,56.74,0,1
15,0,1,222.42,0,1
7,0,1,155.84,0,1
9,0,1,169.46,0,1
10,0,1,109.7,0,1
16,0,1,223.4,0,1
20,0,1,340.45,0,1
12,0,0,123.32,1,1
10,0,1,66.06,1,1
8,0,1,151.13,0,1
1,0,1,285.37,1,1
22,0,1,140.81,0,0
23,0,1,73.81,0,1
18,0,1,286.56,0,1
12,0,1,423.78,1,1
17,0,0,183.46,0,1
11,0,1,69.17,0,1
9,2,1,149.8,0,1
17,0,1,198.53,0,1
19,0,1,111.52,0,1
8,0,1,257.24,0,1
10,0,1,105.16,0,1
8,0,1,184.08,1,1
5,0,1,158.07,0,1
11,1,1,262.31,1,1
8,1,1,179.73,0,0
23,0,1,161.11,0,1
11,0,1,111.98,0,1
3,1,1,185.09,0,1
11,0,1,155.07,1,1
15,0,1,107.52,0,1
10,0,1,199.48,1,1
8,0,1,225.51,0,1
9,0,1,147.96,1,1
16,0,1,317.01,0,1
9,0,1,212.38,0,1
9,0,1,83.91,0,1
15,0,1,404.41,0,1
9,0,1,287.2,0,1
9,0,1,330.66,0,1
14,0,1,230.51,0,1
21,0,1,44.58,1,1
18,1,1,349.17,0,1
18,1,1,188.01,0,1
10,0,1,224.06,0,1
11,0,1,250.69,0,1
14,0,1,579.27,0,1
5,0,1,130.62,0,1
12,1,1,132.66,0,0
6,1,1,108.79,0,0
18,0,1,95.4,0,1
20,0,1,96.46,0,1
10,0,1,59.68,0,1
10,0,1,234.16,0,1
11,0,1,597.46,0,1
20,0,1,620.76,0,1
11,0,1,108.7,0,1
11,0,1,153.96,0,1
14,0,1,379.94,0,1
10,0,1,234.96,1,1
15,0,0,196.51,0,1
10,0,0,155.39,0,1
10,0,1,367.59,0,1
11,0,1,95.22,0,1
19,2,1,241.9,0,1
17,0,1,222.95,0,0
8,0,1,186.05,1,1
11,0,1,290.8,0,1
10,0,1,184.98,0,1
11,1,1,131.54,0,1
10,0,1,191.62,1,1
10,1,1,69.74,0,1
11,0,1,261.81,0,1
9,1,1,305.19,0,1
15,0,1,122.25,0,1
9,1,1,105.98,0,0
19,0,1,124.98,1,1
7,0,1,174.55,0,1
20,0,1,206.34,0,1
9,1,1,477.85,0,1
9,0,1,442.95,0,1
21,0,1,298.55,0,1
11,1,1,194.95,0,1
11,0,1,103.94,0,1
6,0,1,496.6,0,1
9,0,1,156.24,0,1
19,0,1,214.61,0,1
14,1,1,264.12,0,1
14,0,1,188.1,0,1
11,0,1,361.64,0,1
10,2,0,238.23,1,1
9,0,1,328.06,0,1
7,0,1,237.08,0,1
13,0,1,177.2,0,1
9,0,0,189.52,0,1
20,0,1,174.63,0,0
2,1,1,83.88,0,1
10,0,1,99.44,1,1
12,0,1,282.68,0,1
19,0,1,85.15,0,1
14,0,1,142.23,0,1
2,1,1,96.54,1,1
9,1,1,137.74,0,1
11,0,1,165.15,0,1
12,0,1,142.06,0,1
13,0,1,76.94,0,1
14,0,1,162.18,0,0
13,0,1,101.97,0,1
10,0,1,123.73,0,1
10,0,1,282.68,0,1
13,0,1,321.58,0,1
10,0,1,82.55,0,1
9,0,1,464.61,0,1
9,0,1,133.48,0,1
10,0,1,126.39,0,1
11,0,1,106.17,1,1
6,1,0,187.46,0,1
2,0,1,595.22,0,1
17,0,1,71.97,0,1
11,0,1,52.77,0,0
14,0,1,212.96,0,1
14,2,1,255.09,0,0
6,0,1,187.09,0,0
12,0,1,259.17,0,0
9,1,1,91.95,1,1
21,0,1,102.83,1,1
11,0,1,195.27,1,1
9,0,1,520.53,0,1
10,0,1,253.76,1,1
21,0,1,260.95,0,1
19,0,1,95.18,0,1
14,0,1,233.56,0,1
10,1,1,89.18,0,1
21,0,1,523.56,1,1
10,0,1,98.77,0,1
14,0,0,112.41,0,1
11,0,0,74.9,0,1
9,0,1,190.85,1,1
17,1,1,186.1,0,1
14,0,1,449.41,1,0
15,0,1,288.83,0,1
1,0,1,112.79,0,1
10,0,1,306.14,0,1
9,1,1,85.96,0,1
14,0,1,117.8,0,1
10,1,1,194.63,0,1
10,0,0,91.92,0,1
10,0,1,343.37,0,1
10,0,1,711.65,0,1
14,0,1,151.91,0,1
13,0,1,122.61,0,1
9,0,1,167.71,0,1
19,0,1,129.75,0,1
18,0,1,212.1,0,0
10,0,1,81.99,0,1
19,0,1,219.45,0,1
10,1,1,570.87,0,1
13,0,1,54.53,1,1
20,0,1,89.91,0,1
11,0,1,138.79,1,1
4,0,1,250.92,0,1
0,0,1,309.27,0,1
10,0,1,294.7,0,1
10,0,1,65.69,1,1
10,1,1,120.95,0,1
9,0,1,105.62,0,1
10,0,1,174.32,1,1
15,0,1,183.27,0,1
10,0,0,79.72,0,1
19,0,1,139.25,0,1
11,0,1,256.8,0,1
11,0,1,124.34,0,1
9,0,1,160.75,0,1
18,0,0,501.77,0,1
8,0,1,598.26,0,1
14,0,1,49.56,0,1
11,0,1,194.09,0,1
18,1,1,800.0,0,1
12,1,1,241.61,0,1
20,0,1,183.29,0,1
10,0,1,398.46,0,1
10,0,1,206.61,0,1
9,0,1,277.41,0,1
9,0,1,159.78,1,1
11,0,1,204.81,0,1
10,0,1,234.15,0,1
13,0,1,304.7,0,1
18,0,1,139.91,0,1
10,2,1,137.64,1,1
10,0,1,57.03,0,1
11,0,1,143.7,0,1
9,0,1,321.12,0,1
17,0,0,239.35,0,1
17,0,1,99.68,0,1
9,0,1,57.84,0,1
0,2,1,166.43,0,1
11,0,1,315.53,0,1
20,0,1,136.0,0,1
10,0,0,76.18,0,0
1,0,0,127.27,0,1
10,0,1,220.46,0,1
10,1,0,382.02,1,1
16,1,1,155.4,0,1
16,0,1,341.36,1,1
12,0,1,319.39,0,1
17,0,1,89.48,0,1
9,0,1,383.92,0,1
19,1,1,216.39,0,1
10,0,1,87.88,1,1
10,0,1,521.39,1,1
11,0,1,168.12,0,1
6,0,1,56.48,0,1
16,1,1,118.66,0,1
16,0,1,102.36,1,1
0,0,1,120.42,0,1
11,0,1,138.78,0,1
11,0,1,155.33,0,1
9,0,1,151.87,0,1
10,0,1,170.97,0,1
11,0,0,257.86,0,1
9,0,1,115.83,1,1
9,0,0,368.19,0,1
10,0,1,86.91,0,1
21,0,1,262.19,0,1
7,0,1,485.88,0,1
10,0,1,162.97,0,1
19,0,1,203.58,0,1
1,0,1,101.41,0,1
10,0,1,133.34,0,1
10,1,1,464.34,0,1
9,0,1,284.03,0,1
11,0,1,233.02,0,1
14,0,1,56.67,0,1
11,0,1,117.93,0,1
9,0,1,514.6,0,1
19,0,1,231.94,0,1
10,0,1,249.97,0,1
8,0,1,200.8,0,1
10,0,1,125.49,0,1
0,0,1,221.3,0,1
11,0,1,72.38,0,1
9,0,1,69.18,0,1
18,0,1,116.61,0,1
23,1,1,203.43,0,1
9,0,1,70.68,0,1
11,0,1,195.63,0,1
9,1,1,99.81,0,1
9,0,1,108.21,0,1
9,0,1,395.34,0,1
20,0,1,185.37,1,1
10,1,1,105.4,1,1
5,1,1,202.78,1,1
22,0,1,75.06,1,1
11,0,1,228.01,0,1
13,0,0,352.27,1,1
8,0,1,269.63,0,1
17,0,1,661.58,0,1
11,0,1,56.65,0,1
10,0,1,195.62,0,1
6,0,1,80.96,1,1
10,0,1,163.38,0,1
9,0,1,181.44,0,1
11,0,1,711.88,0,1
17,1,1,174.89,0,1
10,0,1,172.94,0,1
11,0,1,331.32,1,1
16,0,1,175.62,0,1
6,0,1,543.86,0,1
10,1,1,270.92,0,1
10,0,1,298.0,0,1
9,0,1,59.11,0,1
9,0,1,596.53,0,1
21,0,1,122.26,0,1
9,0,1,180.22,0,1
8,0,1,122.53,0,1
18,0,1,98.05,0,0
14,0,1,88.12,0,1
9,0,1,192.86,0,1
10,1,1,55.59,0,1
9,0,1,156.7,0,1
14,1,1,341.95,0,1
9,0,1,264.85,0,1
9,0,1,234.97,0,1
15,0,1,105.93,0,1
9,0,0,69.99,0,1
15,0,1,338.69,0,1
18,0,1,138.47,0,1
18,0,0,172.46,0,0
9,0,1,161.01,0,1
9,0,1,271.36,0,1
9,0,1,547.84,1,0
13,0,1,435.91,0,1
14,0,1,44.73,1,1
12,0,1,150.64,0,1
4,0,1,80.8,0,1
11,0,1,318.32,0,0
18,0,1,181.71,0,1
11,0,1,260.78,0,1
8,0,1,143.1,0,1
11,0,1,97.16,0,1
16,0,1,107.67,0,1
13,0,1,72.25,0,1
16,0,1,84.93,0,1
12,0,1,74.85,1,1
11,0,1,97.38,0,1
11,0,1,94.13,0,1
9,1,0,229.63,0,1
10,0,1,224.28,0,1
10,0,1,229.48,0,1
16,0,1,366.87,0,1
11,0,1,172.95,0,1
8,0,1,113.47,0,1
19,0,1,683.24,0,1
10,1,1,312.12,0,1
11,0,1,198.62,1,1
11,0,1,190.51,0,1
9,1,1,215.68,0,0
11,1,1,160.57,0,1
19,0,1,195.77,1,1
3,1,1,244.6,0,1
9,0,1,117.22,0,1
11,1,1,68.0,1,1
20,0,1,52.18,0,1
9,0,1,308.81,0,1
21,0,1,70.12,0,1
16,0,1,239.66,0,1
9,0,0,90.68,1,1
11,0,1,91.57,0,1
17,0,1,117.81,0,1
9,0,1,203.67,0,1
11,0,1,83.67,0,1
17,0,1,125.19,0,1
8,0,1,178.5,0,1
18,0,1,87.69,1,1
10,1,1,427.07,0,1
10,0,1,64.49,0,1
10,0,1,159.03,0,1
7,0,1,388.98,0,1
14,0,1,81.89,0,1
16,0,1,169.73,0,1
14,0,1,196.31,0,1
9,0,1,111.71,0,1
9,0,1,173.04,0,1
10,0,1,253.88,0,1
8,0,1,136.96,0,1
9,1,1,286.75,0,1
21,0,0,229.44,0,1
11,0,1,127.77,0,1
13,0,1,356.55,0,0
10,0,1,116.21,0,1
10,0,1,302.94,1,1
11,0,1,117.47,0,1
10,1,1,149.96,0,1
11,0,1,164.42,0,1
9,0,1,222.1,0,1
19,0,1,42.6,0,1
11,0,1,238.6,0,1
18,0,1,170.46,1,1
12,0,1,215.17,1,1
9,0,1,245.06,0,1
11,0,0,229.59,0,1
13,0,1,54.36,0,1
10,0,1,95.91,0,1
7,0,1,221.34,0,1
10,0,1,204.35,0,1
21,0,1,112.87,0,1
9,0,1,282.19,0,1
16,0,1,155.42,0,1
11,0,1,308.41,1,1
4,0,1,374.66,1,1
9,0,1,214.22,0,1
11,0,1,252.99,0,1
8,0,1,125.83,1,1
9,0,1,309.61,0,1
16,0,1,206.62,0,1
9,0,1,151.89,0,0
19,1,1,87.24,1,1
11,0,1,135.47,0,1
9,0,1,93.16,0,1
10,1,1,286.26,1,1
11,0,1,377.0,0,1
20,0,1,314.12,1,1
17,0,1,800.0,0,1
13,0,1,137.52,0,1
17,1,1,259.29,0,1
19,0,1,89.23,0,1
7,0,1,161.04,0,1
9,0,1,74.71,0,1
13,0,1,254.91,0,1
11,0,1,146.45,1,1
11,0,1,52.84,0,1
9,0,1,120.18,0,1
9,0,1,531.59,0,1
9,0,1,231.89,0,1
11,0,1,287.57,0,1
9,0,0,195.45,0,1
21,0,1,162.56,0,1
21,0,1,182.97,0,1
11,1,1,210.03,0,1
15,0,1,93.88,0,1
13,0,1,286.53,0,0
12,0,1,355.35,0,1
14,1,1,161.1,0,1
11,0,1,132.45,0,1
3,0,1,116.15,0,1
19,0,1,520.89,0,1
16,1,1,138.19,0,1
11,0,1,268.27,1,1
9,0,1,161.78,0,0
11,1,1,156.62,0,1
12,0,1,114.57,0,1
11,0,1,101.27,1,1
12,0,1,282.58,0,1
15,1,1,99.91,0,1
10,0,1,239.25,0,1
19,2,1,191.4,0,1
3,0,1,284.74,0,1
11,0,1,125.72,0,1
10,2,1,346.57,0,1
11,0,0,166.55,0,1
10,0,1,800.0,0,1
11,0,1,68.82,0,1
13,0,1,778.49,0,1
13,0,1,168.04,1,1
9,0,1,207.2,0,1
10,0,1,126.14,0,1
11,0,1,70.72,0,1
8,0,0,132.02,1,1
23,2,1,145.56,0,1
21,0,1,202.29,0,1
18,0,0,355.2,0,1
10,0,1,203.25,0,1
2,0,0,205.38,0,1
10,0,0,228.29,0,1
10,0,1,63.25,0,1
17,1,1,66.85,0,1
9,2,1,73.83,0,1
7,0,1,144.9,0,1
19,1,0,58.97,0,1
15,0,1,119.84,0,1
11,0,1,79.76,1,1
17,1,1,242.9,0,1
11,0,1,235.71,0,1
11,0,1,151.35,1,1
13,0,1,57.98,0,1
9,0,1,157.23,0,1
10,0,1,220.78,1,1
21,0,0,294.84,0,1
2,2,1,519.07,0,1
11,0,1,354.64,1,1
9,0,1,200.11,1,1
11,0,1,152.76,0,1
17,0,1,116.08,0,1
9,0,0,408.87,0,1
9,0,1,200.33,0,1
10,1,1,264.63,0,1
17,1,1,127.21,0,1
0,0,1,86.1,1,1
11,1,1,142.56,1,1
18,0,1,151.15,0,1
16,0,1,203.38,0,1
10,0,1,116.46,0,1
1,0,1,184.01,0,1
10,0,1,367.46,0,1
17,0,1,66.43,0,0
20,0,1,50.9,0,1
13,1,0,382.81,1,1
17,0,1,75.33,0,1
14,0,1,144.31,0,1
11,0,0,261.15,0,1
18,0,1,174.94,0,1
9,0,1,173.47,1,1
9,0,1,189.32,0,1
10,0,1,800.0,0,1
10,0,1,527.62,0,1
23,0,1,119.55,0,1
10,0,1,340.54,1,1
11,0,1,245.5,0,1
9,0,0,179.16,0,1
13,0,1,105.14,0,1
10,0,1,237.66,0,1
9,0,1,150.86,0,1
16,0,1,144.35,0,1
16,0,1,114.41,0,1
7,0,0,330.26,1,1
20,0,1,114.36,0,1
8,0,1,114.78,0,1
12,1,1,289.1,1,1
13,1,1,166.23,0,1
19,0,1,168.94,0,1
6,0,1,336.88,0,1
9,0,1,398.7,0,1
19,2,1,50.57,0,1
9,1,1,167.79,0,1
10,0,1,77.78,0,1
11,0,1,143.73,0,1
18,0,1,180.54,0,1
11,0,1,146.51,0,1
12,0,1,97.99,0,1
18,0,1,95.05,0,1
11,1,1,280.55,0,1
11,0,1,455.27,0,1
13,0,1,52.65,0,1
9,1,0,148.92,0,1
10,1,1,281.23,1,1
10,0,1,177.76,0,1
21,0,1,92.92,0,1
10,0,1,136.09,0,1
11,0,1,217.3,0,0
11,1,1,150.76,0,1
11,1,1,176.13,1,1
11,0,0,179.2,1,1
11,0,1,132.35,0,1
20,0,1,295.88,0,1
9,1,1,136.12,0,1
18,0,1,99.16,0,1
11,0,1,690.75,0,1
4,0,1,173.01,1,1
6,0,1,38.09,1,1
10,0,1,384.85,1,1
15,0,1,384.11,0,1
6,1,0,238.48,0,1
11,1,1,264.8,0,1
9,0,1,662.38,0,1
17,0,1,101.73,0,1
9,0,1,196.36,0,1
13,0,1,591.0,0,1
20,0,1,671.12,0,1
17,1,1,145.52,0,1
7,0,1,605.52,0,1
11,0,1,293.41,0,1
18,1,1,444.58,0,1
10,1,0,287.69,0,1
8,0,1,217.73,0,1
9,0,1,682.41,0,1
12,0,1,132.0,0,1
11,0,1,567.57,0,1
11,0,1,624.16,0,1
8,0,1,410.69,1,1
10,1,1,173.64,1,1
11,0,1,209.91,0,1
19,0,1,84.36,0,1
7,0,1,138.17,1,1
9,0,1,263.07,0,1
7,1,1,77.01,0,1
6,0,1,151.6,1,1
17,0,1,582.25,0,1
11,0,1,165.24,1,1
17,0,1,337.03,0,1
18,0,1,254.65,0,1
13,0,1,150.71,1,1
16,0,1,165.17,0,1
9,0,1,200.36,0,0
3,0,0,52.95,0,1
10,1,1,319.96,0,1
13,1,1,168.84,0,1
11,0,1,326.74,0,1
10,0,1,228.82,0,1
15,0,1,164.43,0,0
19,0,1,204.08,0,1
12,0,1,204.5,0,1
9,1,1,439.53,1,1
6,1,1,188.22,0,1
16,0,1,215.49,0,1
11,0,1,85.02,0,1
18,1,1,176.23,1,0
11,0,1,433.8,0,1
11,0,1,234.46,0,1
13,0,1,94.76,0,1
9,0,1,101.06,0,1
9,0,1,116.18,0,1
9,0,1,330.23,0,1
9,0,1,306.72,0,1
10,0,1,22.82,0,1
16,0,1,172.63,1,1
11,0,1,198.06,1,1
22,0,1,101.77,0,1
9,0,1,143.41,0,0
14,1,1,402.86,0,1
21,0,1,231.67,0,1
20,0,1,134.32,0,1
4,2,1,162.0,1,1
19,0,1,158.11,0,1
10,0,1,214.69,0,1
14,0,1,76.87,0,1
10,0,0,121.29,0,1
11,0,1,337.39,0,1
15,1,1,173.55,0,1
15,0,1,108.86,0,1
13,0,1,111.59,0,1
16,1,1,279.36,0,1
11,0,1,132.86,0,1
4,0,1,246.3,1,1
10,0,1,124.45,1,1
17,0,1,92.02,0,1
9,0,1,209.91,0,1
10,0,1,170.98,1,1
11,0,0,273.44,0,1
10,0,1,308.12,0,1
9,0,1,146.24,0,1
16,0,1,223.49,0,1
9,0,1,143.55,0,1
9,0,1,265.12,0,1
8,0,1,208.52,1,1
10,1,1,124.67,0,1
10,0,1,118.56,0,1
8,0,1,212.98,1,1
10,0,1,364.06,0,1
1,0,1,311.31,1,1
19,0,1,102.94,1,1
17,0,0,109.65,0,1
11,1,1,119.79,1,1
11,0,1,126.73,0,1
14,0,1,60.95,0,1
10,0,1,291.2,0,1
10,0,1,137.89,0,0
18,0,1,239.19,1,1
10,0,1,149.99,0,1
17,1,1,178.79,0,1
4,0,1,120.17,0,1
18,0,1,178.22,0,1
11,0,1,107.47,0,1
14,0,1,179.02,0,1
11,0,1,434.56,0,1
11,0,1,247.74,0,1
15,0,1,215.86,0,1
17,0,1,82.12,0,1
20,0,1,254.77,0,1
22,0,1,270.07,0,1
9,1,1,212.93,0,1
19,0,1,206.14,0,1
15,0,1,166.65,0,1
11,1,1,267.64,0,1
17,0,1,419.14,0,1
20,0,1,221.03,0,1
22,0,1,101.19,0,1
15,0,1,105.94,0,1
9,0,1,280.27,1,0
1,0,1,101.68,0,1
10,0,1,204.51,0,1
13,0,1,147.33,0,1
11,0,0,95.26,0,1
10,0,0,298.68,0,1
11,0,1,277.01,1,1
12,0,1,80.37,1,0
9,0,1,241.98,1,1
10,0,1,221.66,1,1
9,0,1,299.61,0,1
16,0,0,200.35,0,1
10,0,1,426.71,0,1
10,0,1,168.01,0,1
11,0,1,153.97,0,1
14,1,1,101.0,0,1
11,0,1,103.51,0,1
11,0,1,98.03,1,1
11,0,1,206.65,0,1
19,0,1,154.24,0,1
20,0,1,221.06,1,1
10,0,1,87.75,0,1
9,0,1,108.48,1,1
15,1,1,107.39,0,1
12,0,1,666.18,0,1
22,0,1,164.12,1,1
9,0,1,174.2,0,1
9,1,1,173.04,0,1
9,0,1,460.22,0,1
3,0,1,68.85,0,1
19,1,0,174.87,0,0
7,0,1,68.47,0,1
20,0,1,43.47,0,1
9,0,1,116.68,0,1
11,0,1,232.13,0,1
21,0,1,112.32,0,1
9,0,1,229.86,0,1
19,0,1,193.23,0,1
11,0,1,166.76,1,1
17,0,1,387.21,0,1
9,0,1,126.77,1,1
12,0,1,227.78,0,1
18,0,1,61.45,0,1
16,0,1,192.34,0,1
9,0,1,155.35,0,1
9,0,0,89.18,0,1
10,0,1,230.23,0,1
9,0,1,116.35,0,1
10,1,1,512.51,0,1
6,0,1,42.09,0,1
21,0,1,210.39,0,1
9,0,1,185.98,0,1
6,0,1,153.16,0,1
16,0,1,131.95,1,0
8,0,1,188.89,0,1
13,1,1,342.86,0,1
18,0,1,66.47,0,1
11,0,1,111.77,0,1
13,0,1,96.53,0,1
11,0,1,93.84,0,1
11,2,1,222.66,1,1
11,0,1,258.17,0,1
11,0,1,343.46,0,1
16,0,1,260.62,0,1
11,0,0,273.6,0,1
11,0,1,77.7,1,1
17,0,1,441.48,1,1
10,0,1,159.84,0,1
13,0,1,336.9,0,1
12,0,1,79.38,0,1
8,0,1,156.83,0,1
19,0,1,319.2,0,1
11,0,1,184.33,1,1
8,0,0,115.31,0,1
10,0,1,397.78,0,1
14,0,1,89.76,1,1
10,0,1,179.06,0,1
9,1,1,266.16,1,1
11,0,1,637.41,0,1
19,0,1,137.69,1,1
11,0,1,153.57,0,1
19,0,1,138.82,0,1
9,0,0,209.16,0,1
11,1,1,257.95,0,1
11,0,1,349.32,0,1
9,1,1,285.32,1,1
2,0,1,134.5,1,1
9,0,1,295.31,0,1
21,0,1,191.51,0,1
9,0,1,283.48,0,1
16,0,1,293.37,0,1
10,1,1,482.06,0,1
11,1,1,146.53,1,1
11,1,1,130.67,0,1
10,0,1,237.06,0,1
11,0,1,368.53,0,1
10,0,1,187.7,0,1
12,0,1,383.23,0,1
10,0,1,274.25,0,1
11,0,1,160.66,0,1
14,0,1,254.17,0,1
11,0,1,139.65,0,1
11,0,1,209.17,0,1
11,0,0,95.21,0,1
11,0,1,174.01,0,1
10,0,1,330.24,1,1
11,0,1,287.23,0,1
11,0,0,263.09,0,1
10,0,1,215.4,0,1
11,0,1,199.52,0,0
19,0,1,84.76,0,1
13,0,1,160.19,0,1
1,0,0,202.26,0,1
11,0,1,92.33,1,1
16,0,1,63.37,1,1
14,0,1,356.84,0,1
11,0,1,186.89,0,1
11,0,1,205.61,1,1
7,0,1,253.0,0,1
7,0,1,100.55,0,1
23,0,1,142.3,1,1
13,0,1,446.95,1,1
10,0,1,135.21,0,0
21,0,1,154.55,0,1
9,1,1,121.3,0,1
9,0,1,116.22,1,1
21,0,1,351.88,1,1
21,0,1,41.02,0,1
14,0,1,137.8,0,1
10,0,1,207.52,0,1
11,0,1,501.74,0,1
11,0,1,91.73,1,1
8,1,1,82.81,0,1
23,0,0,108.2,0,1
11,0,1,276.17,0,1
17,1,0,195.42,0,1
16,0,1,76.28,0,1
11,0,1,192.43,0,1
19,0,1,459.83,0,1
9,0,1,212.45,0,1
15,0,1,200.08,1,1
11,1,1,207.44,0,1
10,0,1,232.46,0,1
10,0,1,84.75,0,1
